<?xml version="1.0" encoding="UTF-8"?>
<dense_cloud version="1.2.0">
  <tiles>
    <tile path="dense_cloud.oc3">
      <totalCount>20341744</totalCount>
      <validCount>20341744</validCount>
      <pointCount class="0">20341744</pointCount>
    </tile>
  </tiles>
  <params>
    <dataType>uint8</dataType>
    <bands>
      <band label="Red"/>
      <band label="Green"/>
      <band label="Blue"/>
    </bands>
  </params>
  <meta>
    <property name="dense_cloud/density" value="100"/>
    <property name="dense_cloud/depth_downscale" value="2"/>
    <property name="dense_cloud/depth_filter_mode" value="1"/>
    <property name="dense_cloud/duration" value="11611.97"/>
    <property name="dense_cloud/resolution" value="0.0120117788777093"/>
    <property name="depth/duration" value="2472.482"/>
  </meta>
</dense_cloud>
