<?xml version="1.0" encoding="UTF-8"?>
<point_cloud version="1.2.0">
  <params>
    <dataType>uint8</dataType>
    <bands>
      <band label="Red"/>
      <band label="Green"/>
      <band label="Blue"/>
    </bands>
  </params>
  <tracks path="tracks.ply" count="467463"/>
  <points path="points.ply" count="47062"/>
  <projections camera_id="0" path="p0.ply" count="4536"/>
  <projections camera_id="1" path="p1.ply" count="4791"/>
  <projections camera_id="2" path="p2.ply" count="4707"/>
  <projections camera_id="3" path="p3.ply" count="4713"/>
  <projections camera_id="4" path="p4.ply" count="4646"/>
  <projections camera_id="5" path="p5.ply" count="4566"/>
  <projections camera_id="6" path="p6.ply" count="4528"/>
  <projections camera_id="7" path="p7.ply" count="4411"/>
  <projections camera_id="8" path="p8.ply" count="4360"/>
  <projections camera_id="9" path="p9.ply" count="4357"/>
  <projections camera_id="10" path="p10.ply" count="4547"/>
  <projections camera_id="11" path="p11.ply" count="4718"/>
  <projections camera_id="12" path="p12.ply" count="4857"/>
  <projections camera_id="13" path="p13.ply" count="4947"/>
  <projections camera_id="14" path="p14.ply" count="5235"/>
  <projections camera_id="15" path="p15.ply" count="5623"/>
  <projections camera_id="16" path="p16.ply" count="5708"/>
  <projections camera_id="17" path="p17.ply" count="5957"/>
  <projections camera_id="18" path="p18.ply" count="4053"/>
  <projections camera_id="19" path="p19.ply" count="4153"/>
  <projections camera_id="20" path="p20.ply" count="4326"/>
  <projections camera_id="21" path="p21.ply" count="4180"/>
  <projections camera_id="22" path="p22.ply" count="4064"/>
  <projections camera_id="23" path="p23.ply" count="4025"/>
  <projections camera_id="24" path="p24.ply" count="4006"/>
  <projections camera_id="25" path="p25.ply" count="4180"/>
  <projections camera_id="26" path="p26.ply" count="4442"/>
  <projections camera_id="27" path="p27.ply" count="4423"/>
  <projections camera_id="28" path="p28.ply" count="4410"/>
  <projections camera_id="29" path="p29.ply" count="4416"/>
  <projections camera_id="30" path="p30.ply" count="4798"/>
  <projections camera_id="31" path="p31.ply" count="4623"/>
  <projections camera_id="32" path="p32.ply" count="4436"/>
  <projections camera_id="33" path="p33.ply" count="4233"/>
  <projections camera_id="34" path="p34.ply" count="4527"/>
  <projections camera_id="35" path="p35.ply" count="4413"/>
  <projections camera_id="36" path="p36.ply" count="4204"/>
  <projections camera_id="37" path="p37.ply" count="4169"/>
  <projections camera_id="38" path="p38.ply" count="4214"/>
  <projections camera_id="39" path="p39.ply" count="4295"/>
  <projections camera_id="40" path="p40.ply" count="4303"/>
  <projections camera_id="41" path="p41.ply" count="4357"/>
  <projections camera_id="42" path="p42.ply" count="4562"/>
  <projections camera_id="43" path="p43.ply" count="4253"/>
  <projections camera_id="44" path="p44.ply" count="4086"/>
  <projections camera_id="45" path="p45.ply" count="4101"/>
  <projections camera_id="46" path="p46.ply" count="4132"/>
  <projections camera_id="47" path="p47.ply" count="4464"/>
  <projections camera_id="48" path="p48.ply" count="4473"/>
  <projections camera_id="49" path="p49.ply" count="4153"/>
  <projections camera_id="50" path="p50.ply" count="4240"/>
  <projections camera_id="51" path="p51.ply" count="4477"/>
  <projections camera_id="52" path="p52.ply" count="4507"/>
  <projections camera_id="53" path="p53.ply" count="4438"/>
  <projections camera_id="54" path="p54.ply" count="4426"/>
  <projections camera_id="55" path="p55.ply" count="4481"/>
  <projections camera_id="56" path="p56.ply" count="4617"/>
  <projections camera_id="57" path="p57.ply" count="4743"/>
  <projections camera_id="58" path="p58.ply" count="4926"/>
  <projections camera_id="59" path="p59.ply" count="4872"/>
  <projections camera_id="60" path="p60.ply" count="4474"/>
  <projections camera_id="61" path="p61.ply" count="4076"/>
  <projections camera_id="62" path="p62.ply" count="4894"/>
  <projections camera_id="63" path="p63.ply" count="4783"/>
  <projections camera_id="64" path="p64.ply" count="4788"/>
  <projections camera_id="65" path="p65.ply" count="4639"/>
  <projections camera_id="66" path="p66.ply" count="4339"/>
  <projections camera_id="67" path="p67.ply" count="4284"/>
  <projections camera_id="68" path="p68.ply" count="4374"/>
  <projections camera_id="69" path="p69.ply" count="4282"/>
  <projections camera_id="70" path="p70.ply" count="4091"/>
  <projections camera_id="71" path="p71.ply" count="4331"/>
  <projections camera_id="72" path="p72.ply" count="4347"/>
  <projections camera_id="73" path="p73.ply" count="4133"/>
  <projections camera_id="74" path="p74.ply" count="4233"/>
  <projections camera_id="75" path="p75.ply" count="4481"/>
  <projections camera_id="76" path="p76.ply" count="4672"/>
  <projections camera_id="77" path="p77.ply" count="4620"/>
  <projections camera_id="78" path="p78.ply" count="4726"/>
  <projections camera_id="79" path="p79.ply" count="4790"/>
  <projections camera_id="80" path="p80.ply" count="4681"/>
  <projections camera_id="81" path="p81.ply" count="4447"/>
  <projections camera_id="82" path="p82.ply" count="4497"/>
  <projections camera_id="83" path="p83.ply" count="4265"/>
  <projections camera_id="84" path="p84.ply" count="4095"/>
  <projections camera_id="85" path="p85.ply" count="4046"/>
  <projections camera_id="86" path="p86.ply" count="4079"/>
  <projections camera_id="87" path="p87.ply" count="4177"/>
  <projections camera_id="88" path="p88.ply" count="4126"/>
  <projections camera_id="89" path="p89.ply" count="4401"/>
  <projections camera_id="90" path="p90.ply" count="4377"/>
  <projections camera_id="91" path="p91.ply" count="4353"/>
  <projections camera_id="92" path="p92.ply" count="4153"/>
  <projections camera_id="93" path="p93.ply" count="4337"/>
  <projections camera_id="94" path="p94.ply" count="4346"/>
  <projections camera_id="95" path="p95.ply" count="4216"/>
  <projections camera_id="96" path="p96.ply" count="4268"/>
  <projections camera_id="97" path="p97.ply" count="4131"/>
  <projections camera_id="98" path="p98.ply" count="4156"/>
  <projections camera_id="99" path="p99.ply" count="4224"/>
  <projections camera_id="100" path="p100.ply" count="4045"/>
  <projections camera_id="101" path="p101.ply" count="4017"/>
  <projections camera_id="102" path="p102.ply" count="4061"/>
  <projections camera_id="103" path="p103.ply" count="4071"/>
  <projections camera_id="104" path="p104.ply" count="4118"/>
  <projections camera_id="105" path="p105.ply" count="4236"/>
  <projections camera_id="106" path="p106.ply" count="4228"/>
  <projections camera_id="107" path="p107.ply" count="4388"/>
  <projections camera_id="108" path="p108.ply" count="4500"/>
  <projections camera_id="109" path="p109.ply" count="4506"/>
  <projections camera_id="110" path="p110.ply" count="4595"/>
  <projections camera_id="111" path="p111.ply" count="4611"/>
  <projections camera_id="112" path="p112.ply" count="4817"/>
  <projections camera_id="113" path="p113.ply" count="4952"/>
  <projections camera_id="114" path="p114.ply" count="4832"/>
  <projections camera_id="115" path="p115.ply" count="4689"/>
  <projections camera_id="116" path="p116.ply" count="4318"/>
  <projections camera_id="117" path="p117.ply" count="4107"/>
  <projections camera_id="118" path="p118.ply" count="4070"/>
  <projections camera_id="119" path="p119.ply" count="4082"/>
  <projections camera_id="120" path="p120.ply" count="4123"/>
  <projections camera_id="121" path="p121.ply" count="4141"/>
  <projections camera_id="122" path="p122.ply" count="4198"/>
  <projections camera_id="123" path="p123.ply" count="4207"/>
  <projections camera_id="124" path="p124.ply" count="4248"/>
  <projections camera_id="125" path="p125.ply" count="4391"/>
  <projections camera_id="126" path="p126.ply" count="4246"/>
  <projections camera_id="127" path="p127.ply" count="4214"/>
  <projections camera_id="128" path="p128.ply" count="4145"/>
  <projections camera_id="129" path="p129.ply" count="4304"/>
  <projections camera_id="130" path="p130.ply" count="4508"/>
  <projections camera_id="131" path="p131.ply" count="4912"/>
  <projections camera_id="132" path="p132.ply" count="5109"/>
  <projections camera_id="133" path="p133.ply" count="5120"/>
  <projections camera_id="134" path="p134.ply" count="5398"/>
  <projections camera_id="135" path="p135.ply" count="6199"/>
  <projections camera_id="136" path="p136.ply" count="6260"/>
  <projections camera_id="137" path="p137.ply" count="6072"/>
  <projections camera_id="138" path="p138.ply" count="5350"/>
  <projections camera_id="139" path="p139.ply" count="4810"/>
  <projections camera_id="140" path="p140.ply" count="4465"/>
  <projections camera_id="141" path="p141.ply" count="4828"/>
  <projections camera_id="142" path="p142.ply" count="5284"/>
  <projections camera_id="143" path="p143.ply" count="5920"/>
  <projections camera_id="144" path="p144.ply" count="6229"/>
  <projections camera_id="145" path="p145.ply" count="6229"/>
  <projections camera_id="146" path="p146.ply" count="6250"/>
  <projections camera_id="147" path="p147.ply" count="5399"/>
  <projections camera_id="148" path="p148.ply" count="4673"/>
  <projections camera_id="149" path="p149.ply" count="4494"/>
  <projections camera_id="150" path="p150.ply" count="4352"/>
  <projections camera_id="151" path="p151.ply" count="4132"/>
  <projections camera_id="152" path="p152.ply" count="4067"/>
  <projections camera_id="153" path="p153.ply" count="4136"/>
  <projections camera_id="154" path="p154.ply" count="4160"/>
  <projections camera_id="155" path="p155.ply" count="4208"/>
  <projections camera_id="156" path="p156.ply" count="4055"/>
  <projections camera_id="157" path="p157.ply" count="4085"/>
  <projections camera_id="158" path="p158.ply" count="4077"/>
  <projections camera_id="159" path="p159.ply" count="4162"/>
  <projections camera_id="160" path="p160.ply" count="4265"/>
  <projections camera_id="161" path="p161.ply" count="4354"/>
  <projections camera_id="162" path="p162.ply" count="4366"/>
  <projections camera_id="163" path="p163.ply" count="4333"/>
  <projections camera_id="164" path="p164.ply" count="4404"/>
  <projections camera_id="165" path="p165.ply" count="4326"/>
  <projections camera_id="166" path="p166.ply" count="4152"/>
  <projections camera_id="167" path="p167.ply" count="4192"/>
  <projections camera_id="168" path="p168.ply" count="4344"/>
  <projections camera_id="169" path="p169.ply" count="4172"/>
  <projections camera_id="170" path="p170.ply" count="4202"/>
  <projections camera_id="171" path="p171.ply" count="4642"/>
  <projections camera_id="172" path="p172.ply" count="6359"/>
  <projections camera_id="173" path="p173.ply" count="6666"/>
  <projections camera_id="174" path="p174.ply" count="6759"/>
  <projections camera_id="175" path="p175.ply" count="6924"/>
  <projections camera_id="176" path="p176.ply" count="6767"/>
  <projections camera_id="177" path="p177.ply" count="6562"/>
  <projections camera_id="178" path="p178.ply" count="6477"/>
  <projections camera_id="179" path="p179.ply" count="6948"/>
  <projections camera_id="180" path="p180.ply" count="5906"/>
  <projections camera_id="181" path="p181.ply" count="5424"/>
  <projections camera_id="182" path="p182.ply" count="5160"/>
  <projections camera_id="183" path="p183.ply" count="4573"/>
  <projections camera_id="184" path="p184.ply" count="4451"/>
  <projections camera_id="185" path="p185.ply" count="4407"/>
  <projections camera_id="186" path="p186.ply" count="4330"/>
  <projections camera_id="187" path="p187.ply" count="4181"/>
  <projections camera_id="188" path="p188.ply" count="4092"/>
  <projections camera_id="189" path="p189.ply" count="4061"/>
  <projections camera_id="190" path="p190.ply" count="4161"/>
  <projections camera_id="191" path="p191.ply" count="4525"/>
  <projections camera_id="192" path="p192.ply" count="4568"/>
  <projections camera_id="193" path="p193.ply" count="4668"/>
  <projections camera_id="194" path="p194.ply" count="4593"/>
  <projections camera_id="195" path="p195.ply" count="4701"/>
  <projections camera_id="196" path="p196.ply" count="5003"/>
  <projections camera_id="197" path="p197.ply" count="4944"/>
  <projections camera_id="198" path="p198.ply" count="4514"/>
  <projections camera_id="199" path="p199.ply" count="4473"/>
  <projections camera_id="200" path="p200.ply" count="5003"/>
  <projections camera_id="201" path="p201.ply" count="5735"/>
  <projections camera_id="202" path="p202.ply" count="6797"/>
  <projections camera_id="203" path="p203.ply" count="5236"/>
  <projections camera_id="204" path="p204.ply" count="4547"/>
  <projections camera_id="205" path="p205.ply" count="4224"/>
  <projections camera_id="206" path="p206.ply" count="1450"/>
  <projections camera_id="207" path="p207.ply" count="4013"/>
  <projections camera_id="208" path="p208.ply" count="1605"/>
  <projections camera_id="209" path="p209.ply" count="4031"/>
  <projections camera_id="210" path="p210.ply" count="4139"/>
  <projections camera_id="211" path="p211.ply" count="4058"/>
  <projections camera_id="212" path="p212.ply" count="3977"/>
  <projections camera_id="213" path="p213.ply" count="4139"/>
  <projections camera_id="214" path="p214.ply" count="4115"/>
  <projections camera_id="215" path="p215.ply" count="4076"/>
  <projections camera_id="216" path="p216.ply" count="4294"/>
  <projections camera_id="217" path="p217.ply" count="4746"/>
  <projections camera_id="218" path="p218.ply" count="5574"/>
  <projections camera_id="219" path="p219.ply" count="6403"/>
  <projections camera_id="220" path="p220.ply" count="6646"/>
  <projections camera_id="221" path="p221.ply" count="6507"/>
  <projections camera_id="222" path="p222.ply" count="5372"/>
  <projections camera_id="223" path="p223.ply" count="4792"/>
  <projections camera_id="224" path="p224.ply" count="5729"/>
  <projections camera_id="225" path="p225.ply" count="6276"/>
  <projections camera_id="226" path="p226.ply" count="6371"/>
  <projections camera_id="227" path="p227.ply" count="6208"/>
  <projections camera_id="228" path="p228.ply" count="3966"/>
  <projections camera_id="229" path="p229.ply" count="4010"/>
  <projections camera_id="230" path="p230.ply" count="4037"/>
  <projections camera_id="231" path="p231.ply" count="4234"/>
  <projections camera_id="232" path="p232.ply" count="3996"/>
  <projections camera_id="233" path="p233.ply" count="4010"/>
  <projections camera_id="234" path="p234.ply" count="4421"/>
  <projections camera_id="235" path="p235.ply" count="4261"/>
  <projections camera_id="236" path="p236.ply" count="4123"/>
  <projections camera_id="237" path="p237.ply" count="4215"/>
  <projections camera_id="238" path="p238.ply" count="4207"/>
  <projections camera_id="239" path="p239.ply" count="4031"/>
  <projections camera_id="240" path="p240.ply" count="4185"/>
  <projections camera_id="241" path="p241.ply" count="4311"/>
  <projections camera_id="242" path="p242.ply" count="4358"/>
  <projections camera_id="243" path="p243.ply" count="4387"/>
  <projections camera_id="244" path="p244.ply" count="4200"/>
  <projections camera_id="245" path="p245.ply" count="4095"/>
  <projections camera_id="246" path="p246.ply" count="4062"/>
  <projections camera_id="247" path="p247.ply" count="4053"/>
  <projections camera_id="248" path="p248.ply" count="4124"/>
  <projections camera_id="249" path="p249.ply" count="4011"/>
  <projections camera_id="250" path="p250.ply" count="4009"/>
  <projections camera_id="251" path="p251.ply" count="4163"/>
  <projections camera_id="252" path="p252.ply" count="4007"/>
  <projections camera_id="253" path="p253.ply" count="3123"/>
  <projections camera_id="254" path="p254.ply" count="3935"/>
  <projections camera_id="255" path="p255.ply" count="4207"/>
  <projections camera_id="256" path="p256.ply" count="4233"/>
  <projections camera_id="257" path="p257.ply" count="4163"/>
  <projections camera_id="258" path="p258.ply" count="4181"/>
  <projections camera_id="259" path="p259.ply" count="4156"/>
  <projections camera_id="260" path="p260.ply" count="4082"/>
  <projections camera_id="261" path="p261.ply" count="4098"/>
  <projections camera_id="262" path="p262.ply" count="4133"/>
  <projections camera_id="263" path="p263.ply" count="4302"/>
  <projections camera_id="264" path="p264.ply" count="4434"/>
  <projections camera_id="265" path="p265.ply" count="4281"/>
  <projections camera_id="266" path="p266.ply" count="4168"/>
  <projections camera_id="267" path="p267.ply" count="4203"/>
  <projections camera_id="268" path="p268.ply" count="4132"/>
  <projections camera_id="269" path="p269.ply" count="4183"/>
  <projections camera_id="270" path="p270.ply" count="3997"/>
  <projections camera_id="271" path="p271.ply" count="3974"/>
  <projections camera_id="272" path="p272.ply" count="3994"/>
  <projections camera_id="273" path="p273.ply" count="4137"/>
  <projections camera_id="274" path="p274.ply" count="4191"/>
  <projections camera_id="275" path="p275.ply" count="4309"/>
  <projections camera_id="276" path="p276.ply" count="4369"/>
  <projections camera_id="277" path="p277.ply" count="4168"/>
  <projections camera_id="278" path="p278.ply" count="4229"/>
  <projections camera_id="279" path="p279.ply" count="4315"/>
  <projections camera_id="280" path="p280.ply" count="4223"/>
  <projections camera_id="281" path="p281.ply" count="4196"/>
  <projections camera_id="282" path="p282.ply" count="4065"/>
  <projections camera_id="283" path="p283.ply" count="4292"/>
  <projections camera_id="284" path="p284.ply" count="4077"/>
  <projections camera_id="285" path="p285.ply" count="4083"/>
  <projections camera_id="286" path="p286.ply" count="4178"/>
  <projections camera_id="287" path="p287.ply" count="4363"/>
  <projections camera_id="288" path="p288.ply" count="4258"/>
  <projections camera_id="289" path="p289.ply" count="4052"/>
  <projections camera_id="290" path="p290.ply" count="3995"/>
  <projections camera_id="291" path="p291.ply" count="4027"/>
  <projections camera_id="292" path="p292.ply" count="4013"/>
  <projections camera_id="293" path="p293.ply" count="4190"/>
  <projections camera_id="294" path="p294.ply" count="4068"/>
  <projections camera_id="295" path="p295.ply" count="4141"/>
  <projections camera_id="296" path="p296.ply" count="4175"/>
  <projections camera_id="297" path="p297.ply" count="4108"/>
  <projections camera_id="298" path="p298.ply" count="4079"/>
  <projections camera_id="299" path="p299.ply" count="4183"/>
  <projections camera_id="300" path="p300.ply" count="4105"/>
  <projections camera_id="301" path="p301.ply" count="3994"/>
  <projections camera_id="302" path="p302.ply" count="4028"/>
  <projections camera_id="303" path="p303.ply" count="4088"/>
  <projections camera_id="304" path="p304.ply" count="4156"/>
  <projections camera_id="305" path="p305.ply" count="4159"/>
  <projections camera_id="306" path="p306.ply" count="4157"/>
  <projections camera_id="307" path="p307.ply" count="4142"/>
  <projections camera_id="308" path="p308.ply" count="4188"/>
  <projections camera_id="309" path="p309.ply" count="4159"/>
  <projections camera_id="310" path="p310.ply" count="4113"/>
  <projections camera_id="311" path="p311.ply" count="4058"/>
  <projections camera_id="312" path="p312.ply" count="4011"/>
  <projections camera_id="313" path="p313.ply" count="4096"/>
  <projections camera_id="314" path="p314.ply" count="4120"/>
  <projections camera_id="315" path="p315.ply" count="4123"/>
  <projections camera_id="316" path="p316.ply" count="4280"/>
  <projections camera_id="317" path="p317.ply" count="4054"/>
  <projections camera_id="318" path="p318.ply" count="4862"/>
  <projections camera_id="319" path="p319.ply" count="5573"/>
  <projections camera_id="320" path="p320.ply" count="4078"/>
  <projections camera_id="321" path="p321.ply" count="4093"/>
  <projections camera_id="322" path="p322.ply" count="4001"/>
  <projections camera_id="323" path="p323.ply" count="4714"/>
  <projections camera_id="324" path="p324.ply" count="4754"/>
  <projections camera_id="325" path="p325.ply" count="4114"/>
  <projections camera_id="326" path="p326.ply" count="4293"/>
  <projections camera_id="327" path="p327.ply" count="4116"/>
  <projections camera_id="328" path="p328.ply" count="3980"/>
  <projections camera_id="329" path="p329.ply" count="4437"/>
  <projections camera_id="330" path="p330.ply" count="4070"/>
  <projections camera_id="331" path="p331.ply" count="4045"/>
  <projections camera_id="332" path="p332.ply" count="4075"/>
  <projections camera_id="333" path="p333.ply" count="4109"/>
  <projections camera_id="334" path="p334.ply" count="4051"/>
  <projections camera_id="335" path="p335.ply" count="4024"/>
  <projections camera_id="336" path="p336.ply" count="4030"/>
  <projections camera_id="337" path="p337.ply" count="4030"/>
  <projections camera_id="338" path="p338.ply" count="3676"/>
  <projections camera_id="339" path="p339.ply" count="3296"/>
  <projections camera_id="340" path="p340.ply" count="1913"/>
  <projections camera_id="341" path="p341.ply" count="1447"/>
  <projections camera_id="342" path="p342.ply" count="1673"/>
  <projections camera_id="343" path="p343.ply" count="1731"/>
  <projections camera_id="344" path="p344.ply" count="1896"/>
  <projections camera_id="345" path="p345.ply" count="2293"/>
  <projections camera_id="346" path="p346.ply" count="2513"/>
  <projections camera_id="347" path="p347.ply" count="2491"/>
  <projections camera_id="348" path="p348.ply" count="2221"/>
  <projections camera_id="349" path="p349.ply" count="2368"/>
  <projections camera_id="350" path="p350.ply" count="3010"/>
  <projections camera_id="351" path="p351.ply" count="2953"/>
  <projections camera_id="352" path="p352.ply" count="2469"/>
  <projections camera_id="353" path="p353.ply" count="3408"/>
  <projections camera_id="354" path="p354.ply" count="4059"/>
  <projections camera_id="355" path="p355.ply" count="4154"/>
  <projections camera_id="356" path="p356.ply" count="4167"/>
  <projections camera_id="357" path="p357.ply" count="4032"/>
  <projections camera_id="358" path="p358.ply" count="3215"/>
  <projections camera_id="359" path="p359.ply" count="4472"/>
  <projections camera_id="360" path="p360.ply" count="4508"/>
  <projections camera_id="361" path="p361.ply" count="4042"/>
  <projections camera_id="362" path="p362.ply" count="4010"/>
  <projections camera_id="363" path="p363.ply" count="4400"/>
  <projections camera_id="364" path="p364.ply" count="4352"/>
  <projections camera_id="365" path="p365.ply" count="4028"/>
  <projections camera_id="366" path="p366.ply" count="4004"/>
  <projections camera_id="367" path="p367.ply" count="4305"/>
  <projections camera_id="368" path="p368.ply" count="4111"/>
  <projections camera_id="369" path="p369.ply" count="3659"/>
  <projections camera_id="370" path="p370.ply" count="3246"/>
  <projections camera_id="371" path="p371.ply" count="4083"/>
  <projections camera_id="372" path="p372.ply" count="4020"/>
  <projections camera_id="373" path="p373.ply" count="3664"/>
  <projections camera_id="374" path="p374.ply" count="4143"/>
  <projections camera_id="375" path="p375.ply" count="4025"/>
  <projections camera_id="376" path="p376.ply" count="4009"/>
  <projections camera_id="377" path="p377.ply" count="4047"/>
  <projections camera_id="378" path="p378.ply" count="4019"/>
  <projections camera_id="379" path="p379.ply" count="4229"/>
  <projections camera_id="380" path="p380.ply" count="4135"/>
  <projections camera_id="381" path="p381.ply" count="4036"/>
  <projections camera_id="382" path="p382.ply" count="3977"/>
  <projections camera_id="383" path="p383.ply" count="4024"/>
  <projections camera_id="384" path="p384.ply" count="3971"/>
  <projections camera_id="385" path="p385.ply" count="4348"/>
  <projections camera_id="386" path="p386.ply" count="4272"/>
  <projections camera_id="387" path="p387.ply" count="4151"/>
  <projections camera_id="388" path="p388.ply" count="4189"/>
  <projections camera_id="389" path="p389.ply" count="4191"/>
  <projections camera_id="390" path="p390.ply" count="4097"/>
  <projections camera_id="391" path="p391.ply" count="4057"/>
  <projections camera_id="392" path="p392.ply" count="4039"/>
  <projections camera_id="393" path="p393.ply" count="4091"/>
  <projections camera_id="394" path="p394.ply" count="3876"/>
  <projections camera_id="395" path="p395.ply" count="4055"/>
  <projections camera_id="396" path="p396.ply" count="4032"/>
  <projections camera_id="397" path="p397.ply" count="3516"/>
  <projections camera_id="398" path="p398.ply" count="4475"/>
  <projections camera_id="399" path="p399.ply" count="4330"/>
  <projections camera_id="400" path="p400.ply" count="4300"/>
  <projections camera_id="401" path="p401.ply" count="4416"/>
  <projections camera_id="402" path="p402.ply" count="4414"/>
  <projections camera_id="403" path="p403.ply" count="4187"/>
  <projections camera_id="404" path="p404.ply" count="4313"/>
  <projections camera_id="405" path="p405.ply" count="4261"/>
  <projections camera_id="406" path="p406.ply" count="5182"/>
  <projections camera_id="407" path="p407.ply" count="4028"/>
  <projections camera_id="408" path="p408.ply" count="4167"/>
  <projections camera_id="409" path="p409.ply" count="4136"/>
  <projections camera_id="410" path="p410.ply" count="4138"/>
  <projections camera_id="411" path="p411.ply" count="4212"/>
  <projections camera_id="412" path="p412.ply" count="4286"/>
  <projections camera_id="413" path="p413.ply" count="4455"/>
  <projections camera_id="414" path="p414.ply" count="4485"/>
  <projections camera_id="415" path="p415.ply" count="4140"/>
  <projections camera_id="416" path="p416.ply" count="4062"/>
  <projections camera_id="417" path="p417.ply" count="4079"/>
  <projections camera_id="418" path="p418.ply" count="4125"/>
  <projections camera_id="419" path="p419.ply" count="4086"/>
  <projections camera_id="420" path="p420.ply" count="4169"/>
  <projections camera_id="421" path="p421.ply" count="3985"/>
  <projections camera_id="422" path="p422.ply" count="4377"/>
  <projections camera_id="423" path="p423.ply" count="4433"/>
  <projections camera_id="424" path="p424.ply" count="4383"/>
  <projections camera_id="425" path="p425.ply" count="4442"/>
  <projections camera_id="426" path="p426.ply" count="4301"/>
  <projections camera_id="427" path="p427.ply" count="4475"/>
  <projections camera_id="428" path="p428.ply" count="4549"/>
  <projections camera_id="429" path="p429.ply" count="4552"/>
  <projections camera_id="430" path="p430.ply" count="4517"/>
  <projections camera_id="431" path="p431.ply" count="3969"/>
  <projections camera_id="432" path="p432.ply" count="7233"/>
  <projections camera_id="433" path="p433.ply" count="7952"/>
  <projections camera_id="434" path="p434.ply" count="8509"/>
  <projections camera_id="435" path="p435.ply" count="8731"/>
  <projections camera_id="436" path="p436.ply" count="9389"/>
  <projections camera_id="437" path="p437.ply" count="9530"/>
  <projections camera_id="438" path="p438.ply" count="9630"/>
  <projections camera_id="439" path="p439.ply" count="9563"/>
  <projections camera_id="440" path="p440.ply" count="9695"/>
  <projections camera_id="441" path="p441.ply" count="9838"/>
  <projections camera_id="442" path="p442.ply" count="9883"/>
  <projections camera_id="443" path="p443.ply" count="9479"/>
  <projections camera_id="444" path="p444.ply" count="9090"/>
  <projections camera_id="445" path="p445.ply" count="8647"/>
  <projections camera_id="446" path="p446.ply" count="7927"/>
  <projections camera_id="447" path="p447.ply" count="7225"/>
  <projections camera_id="448" path="p448.ply" count="6587"/>
  <projections camera_id="449" path="p449.ply" count="5874"/>
  <projections camera_id="450" path="p450.ply" count="5415"/>
  <projections camera_id="451" path="p451.ply" count="5603"/>
  <projections camera_id="452" path="p452.ply" count="6567"/>
  <projections camera_id="453" path="p453.ply" count="6811"/>
  <projections camera_id="454" path="p454.ply" count="7522"/>
  <projections camera_id="455" path="p455.ply" count="7408"/>
  <projections camera_id="456" path="p456.ply" count="6427"/>
  <projections camera_id="457" path="p457.ply" count="5252"/>
  <projections camera_id="458" path="p458.ply" count="4137"/>
  <projections camera_id="459" path="p459.ply" count="4022"/>
  <projections camera_id="460" path="p460.ply" count="3504"/>
  <projections camera_id="461" path="p461.ply" count="3213"/>
  <projections camera_id="462" path="p462.ply" count="3313"/>
  <projections camera_id="463" path="p463.ply" count="4119"/>
  <projections camera_id="464" path="p464.ply" count="4188"/>
  <projections camera_id="465" path="p465.ply" count="4220"/>
  <projections camera_id="466" path="p466.ply" count="4309"/>
  <projections camera_id="467" path="p467.ply" count="4669"/>
  <projections camera_id="468" path="p468.ply" count="4908"/>
  <projections camera_id="469" path="p469.ply" count="5188"/>
  <projections camera_id="470" path="p470.ply" count="5120"/>
  <projections camera_id="471" path="p471.ply" count="5067"/>
  <projections camera_id="472" path="p472.ply" count="4980"/>
  <projections camera_id="473" path="p473.ply" count="5001"/>
  <projections camera_id="474" path="p474.ply" count="4949"/>
  <projections camera_id="475" path="p475.ply" count="5156"/>
  <projections camera_id="476" path="p476.ply" count="5327"/>
  <projections camera_id="477" path="p477.ply" count="5279"/>
  <projections camera_id="478" path="p478.ply" count="4844"/>
  <projections camera_id="479" path="p479.ply" count="4786"/>
  <projections camera_id="480" path="p480.ply" count="4939"/>
  <projections camera_id="481" path="p481.ply" count="5092"/>
  <projections camera_id="482" path="p482.ply" count="5017"/>
  <projections camera_id="483" path="p483.ply" count="7255"/>
  <projections camera_id="484" path="p484.ply" count="7517"/>
  <projections camera_id="485" path="p485.ply" count="7813"/>
  <projections camera_id="486" path="p486.ply" count="8389"/>
  <projections camera_id="487" path="p487.ply" count="8400"/>
  <projections camera_id="488" path="p488.ply" count="7698"/>
  <projections camera_id="489" path="p489.ply" count="7619"/>
  <projections camera_id="490" path="p490.ply" count="7084"/>
  <projections camera_id="491" path="p491.ply" count="6127"/>
  <projections camera_id="492" path="p492.ply" count="5493"/>
  <projections camera_id="493" path="p493.ply" count="5322"/>
  <projections camera_id="494" path="p494.ply" count="5007"/>
  <projections camera_id="495" path="p495.ply" count="5719"/>
  <projections camera_id="496" path="p496.ply" count="6547"/>
  <projections camera_id="497" path="p497.ply" count="7080"/>
  <projections camera_id="498" path="p498.ply" count="7440"/>
  <projections camera_id="499" path="p499.ply" count="8049"/>
  <projections camera_id="500" path="p500.ply" count="8359"/>
  <projections camera_id="501" path="p501.ply" count="8377"/>
  <projections camera_id="502" path="p502.ply" count="7909"/>
  <projections camera_id="503" path="p503.ply" count="7653"/>
  <projections camera_id="504" path="p504.ply" count="7286"/>
  <projections camera_id="505" path="p505.ply" count="6661"/>
  <projections camera_id="506" path="p506.ply" count="6035"/>
  <projections camera_id="507" path="p507.ply" count="5184"/>
  <projections camera_id="508" path="p508.ply" count="4666"/>
  <projections camera_id="509" path="p509.ply" count="4189"/>
  <projections camera_id="510" path="p510.ply" count="4237"/>
  <projections camera_id="511" path="p511.ply" count="4201"/>
  <projections camera_id="512" path="p512.ply" count="4324"/>
  <projections camera_id="513" path="p513.ply" count="4395"/>
  <projections camera_id="514" path="p514.ply" count="4803"/>
  <projections camera_id="515" path="p515.ply" count="5281"/>
  <projections camera_id="516" path="p516.ply" count="5575"/>
  <projections camera_id="517" path="p517.ply" count="5946"/>
  <projections camera_id="518" path="p518.ply" count="5180"/>
  <projections camera_id="519" path="p519.ply" count="4762"/>
  <projections camera_id="520" path="p520.ply" count="4248"/>
  <projections camera_id="521" path="p521.ply" count="4125"/>
  <projections camera_id="522" path="p522.ply" count="4042"/>
  <projections camera_id="523" path="p523.ply" count="3968"/>
  <projections camera_id="524" path="p524.ply" count="3998"/>
  <projections camera_id="525" path="p525.ply" count="4096"/>
  <projections camera_id="526" path="p526.ply" count="4198"/>
  <projections camera_id="527" path="p527.ply" count="4447"/>
  <projections camera_id="528" path="p528.ply" count="4388"/>
  <projections camera_id="529" path="p529.ply" count="4371"/>
  <projections camera_id="530" path="p530.ply" count="4302"/>
  <projections camera_id="531" path="p531.ply" count="4450"/>
  <projections camera_id="532" path="p532.ply" count="4574"/>
  <projections camera_id="533" path="p533.ply" count="4875"/>
  <projections camera_id="534" path="p534.ply" count="5205"/>
  <projections camera_id="535" path="p535.ply" count="5586"/>
  <projections camera_id="536" path="p536.ply" count="5835"/>
  <projections camera_id="537" path="p537.ply" count="5961"/>
  <projections camera_id="538" path="p538.ply" count="5858"/>
  <projections camera_id="539" path="p539.ply" count="5863"/>
  <projections camera_id="540" path="p540.ply" count="5532"/>
  <projections camera_id="541" path="p541.ply" count="4818"/>
  <projections camera_id="542" path="p542.ply" count="4511"/>
  <projections camera_id="543" path="p543.ply" count="4494"/>
  <projections camera_id="544" path="p544.ply" count="4130"/>
  <projections camera_id="545" path="p545.ply" count="4094"/>
  <projections camera_id="546" path="p546.ply" count="4227"/>
  <projections camera_id="547" path="p547.ply" count="4389"/>
  <projections camera_id="548" path="p548.ply" count="4044"/>
  <projections camera_id="549" path="p549.ply" count="8683"/>
  <projections camera_id="550" path="p550.ply" count="7836"/>
  <projections camera_id="551" path="p551.ply" count="4424"/>
  <projections camera_id="552" path="p552.ply" count="4751"/>
  <projections camera_id="553" path="p553.ply" count="4722"/>
  <projections camera_id="554" path="p554.ply" count="4394"/>
  <projections camera_id="555" path="p555.ply" count="4739"/>
  <projections camera_id="556" path="p556.ply" count="4767"/>
  <projections camera_id="557" path="p557.ply" count="4700"/>
  <projections camera_id="558" path="p558.ply" count="4953"/>
  <projections camera_id="559" path="p559.ply" count="4940"/>
  <projections camera_id="560" path="p560.ply" count="4588"/>
  <projections camera_id="561" path="p561.ply" count="4097"/>
  <projections camera_id="562" path="p562.ply" count="4005"/>
  <projections camera_id="563" path="p563.ply" count="4109"/>
  <projections camera_id="564" path="p564.ply" count="4194"/>
  <projections camera_id="565" path="p565.ply" count="4556"/>
  <projections camera_id="566" path="p566.ply" count="4485"/>
  <projections camera_id="567" path="p567.ply" count="4095"/>
  <projections camera_id="568" path="p568.ply" count="4116"/>
  <projections camera_id="569" path="p569.ply" count="4081"/>
  <projections camera_id="570" path="p570.ply" count="4090"/>
  <projections camera_id="571" path="p571.ply" count="4341"/>
  <projections camera_id="572" path="p572.ply" count="4513"/>
  <projections camera_id="573" path="p573.ply" count="4239"/>
  <projections camera_id="574" path="p574.ply" count="4169"/>
  <projections camera_id="575" path="p575.ply" count="4006"/>
  <projections camera_id="576" path="p576.ply" count="4140"/>
  <projections camera_id="577" path="p577.ply" count="3981"/>
  <projections camera_id="578" path="p578.ply" count="4393"/>
  <projections camera_id="579" path="p579.ply" count="4432"/>
  <projections camera_id="580" path="p580.ply" count="4108"/>
  <projections camera_id="581" path="p581.ply" count="3989"/>
  <projections camera_id="582" path="p582.ply" count="4059"/>
  <projections camera_id="583" path="p583.ply" count="4064"/>
  <projections camera_id="584" path="p584.ply" count="3986"/>
  <projections camera_id="585" path="p585.ply" count="3975"/>
  <projections camera_id="586" path="p586.ply" count="4039"/>
  <projections camera_id="587" path="p587.ply" count="3998"/>
  <projections camera_id="588" path="p588.ply" count="4241"/>
  <projections camera_id="589" path="p589.ply" count="4248"/>
  <projections camera_id="590" path="p590.ply" count="3920"/>
  <projections camera_id="591" path="p591.ply" count="3342"/>
  <projections camera_id="592" path="p592.ply" count="3859"/>
  <projections camera_id="593" path="p593.ply" count="4126"/>
  <projections camera_id="594" path="p594.ply" count="4368"/>
  <projections camera_id="595" path="p595.ply" count="3678"/>
  <projections camera_id="596" path="p596.ply" count="2734"/>
  <projections camera_id="597" path="p597.ply" count="4005"/>
  <projections camera_id="598" path="p598.ply" count="4143"/>
  <projections camera_id="599" path="p599.ply" count="4300"/>
  <projections camera_id="600" path="p600.ply" count="4362"/>
  <projections camera_id="601" path="p601.ply" count="4220"/>
  <projections camera_id="602" path="p602.ply" count="4421"/>
  <projections camera_id="603" path="p603.ply" count="4502"/>
  <projections camera_id="604" path="p604.ply" count="4415"/>
  <projections camera_id="605" path="p605.ply" count="4302"/>
  <projections camera_id="606" path="p606.ply" count="4035"/>
  <projections camera_id="607" path="p607.ply" count="4052"/>
  <projections camera_id="608" path="p608.ply" count="4139"/>
  <projections camera_id="609" path="p609.ply" count="4148"/>
  <projections camera_id="610" path="p610.ply" count="4089"/>
  <projections camera_id="611" path="p611.ply" count="4135"/>
  <projections camera_id="612" path="p612.ply" count="4108"/>
  <projections camera_id="613" path="p613.ply" count="4198"/>
  <projections camera_id="614" path="p614.ply" count="3021"/>
  <projections camera_id="615" path="p615.ply" count="4188"/>
  <projections camera_id="616" path="p616.ply" count="4760"/>
  <projections camera_id="617" path="p617.ply" count="4174"/>
  <projections camera_id="618" path="p618.ply" count="4342"/>
  <projections camera_id="619" path="p619.ply" count="4271"/>
  <projections camera_id="620" path="p620.ply" count="4399"/>
  <projections camera_id="621" path="p621.ply" count="4038"/>
  <projections camera_id="622" path="p622.ply" count="4103"/>
  <projections camera_id="623" path="p623.ply" count="4149"/>
  <projections camera_id="624" path="p624.ply" count="4164"/>
  <projections camera_id="625" path="p625.ply" count="4103"/>
  <projections camera_id="626" path="p626.ply" count="4052"/>
  <projections camera_id="627" path="p627.ply" count="4044"/>
  <projections camera_id="628" path="p628.ply" count="3989"/>
  <projections camera_id="629" path="p629.ply" count="4001"/>
  <projections camera_id="630" path="p630.ply" count="4057"/>
  <projections camera_id="631" path="p631.ply" count="4079"/>
  <projections camera_id="632" path="p632.ply" count="4185"/>
  <projections camera_id="633" path="p633.ply" count="4280"/>
  <projections camera_id="634" path="p634.ply" count="4286"/>
  <projections camera_id="635" path="p635.ply" count="4329"/>
  <projections camera_id="636" path="p636.ply" count="4330"/>
  <projections camera_id="637" path="p637.ply" count="4090"/>
  <projections camera_id="638" path="p638.ply" count="3973"/>
  <projections camera_id="639" path="p639.ply" count="4141"/>
  <projections camera_id="640" path="p640.ply" count="4045"/>
  <projections camera_id="641" path="p641.ply" count="4223"/>
  <projections camera_id="642" path="p642.ply" count="4311"/>
  <projections camera_id="643" path="p643.ply" count="4430"/>
  <projections camera_id="644" path="p644.ply" count="4290"/>
  <projections camera_id="645" path="p645.ply" count="4141"/>
  <projections camera_id="646" path="p646.ply" count="4019"/>
  <projections camera_id="647" path="p647.ply" count="4017"/>
  <projections camera_id="648" path="p648.ply" count="4120"/>
  <projections camera_id="649" path="p649.ply" count="4118"/>
  <projections camera_id="650" path="p650.ply" count="4286"/>
  <projections camera_id="651" path="p651.ply" count="4216"/>
  <projections camera_id="652" path="p652.ply" count="4310"/>
  <projections camera_id="653" path="p653.ply" count="4124"/>
  <projections camera_id="654" path="p654.ply" count="4038"/>
  <projections camera_id="655" path="p655.ply" count="4239"/>
  <projections camera_id="656" path="p656.ply" count="4078"/>
  <projections camera_id="657" path="p657.ply" count="3980"/>
  <projections camera_id="658" path="p658.ply" count="4182"/>
  <projections camera_id="659" path="p659.ply" count="4050"/>
  <projections camera_id="660" path="p660.ply" count="2825"/>
  <projections camera_id="661" path="p661.ply" count="1242"/>
  <projections camera_id="662" path="p662.ply" count="1923"/>
  <projections camera_id="663" path="p663.ply" count="4028"/>
  <projections camera_id="664" path="p664.ply" count="4893"/>
  <projections camera_id="665" path="p665.ply" count="4055"/>
  <projections camera_id="666" path="p666.ply" count="4003"/>
  <projections camera_id="667" path="p667.ply" count="4797"/>
  <projections camera_id="668" path="p668.ply" count="3977"/>
  <meta>
    <property name="match/duration" value="3359.054"/>
    <property name="match/match_downscale" value="1"/>
    <property name="match/match_point_limit" value="40000"/>
    <property name="match/match_preselection_generic" value="true"/>
    <property name="match/match_preselection_reference" value="true"/>
    <property name="match/match_tiepoint_limit" value="4000"/>
  </meta>
</point_cloud>
